<?xml version="1.0" encoding="UTF-8"?>
<!DOCTYPE struts-config PUBLIC "-//Apache Software Foundation//DTD Struts 
Configuration 1.3//EN" "http://struts.apache.org/dtds/struts-config_1_3.dtd">
<struts-config>
	<form-beans>
		<form-bean name="danhSachAutrepcmForm" type="form.DanhSachAutrepcmForm" />
	</form-beans>
	<action-mappings>
		<action input="/danhSachAutrepcm.jsp" name="danhSachAutrepcmForm"
			path="/danh-sach" scope="request" type="action.DanhSachAutrepcmAction">
			<forward name="dsAutrepcm" path="/danhSachAutrepcm.jsp" />
		</action>
		
		<!-- <action input="/danhSachAutrepcm.jsp" name="updateAutrepcmForm"
			path="/danh-sach" scope="request" type="action.UpdateAutrepcmAction">
			<forward name="updateDe" path="/danhSachAutrepcm.jsp" />
		</action> -->
		
	</action-mappings>
	<message-resources parameter="action.ApplicationResources" />
	
</struts-config>
